Trait,N_Observations,N_Genotypes,Mean,Std,Heritability,Genotypic_Variance,Error_Variance
PlotID,1468,349,6875.4741144414165,1239.4090302992884,0.5458428328793886,150239.12153244053,125003.33377270757
DaysToFlower,1401,347,65.47822983583156,6.4997574685518,0.8128993117364057,35.95097889383348,8.274644593335983
MedianLeafAngle,1405,347,44.68395017793594,10.628254004028797,0.6088663741332929,77.87358699588799,50.025719492730666
LeafAngleSDV,1355,343,6.085867158671586,2.952600868354109,0.31889345689470844,3.41094432747211,7.285243548838969
PaniclesPerPlot,1338,348,14.902092675635277,6.982838999577651,0.6659926282225938,35.34767208024616,17.727498097811665
